,0
0,20230710 15C_24h_1.d
1,20230710 15C_24h_10.d
2,20230710 15C_24h_11.d
3,20230710 15C_24h_12.d
4,20230710 15C_24h_13.d
5,20230710 15C_24h_14.d
6,20230710 15C_24h_15.d
7,20230710 15C_24h_16.d
8,20230710 15C_24h_2.d
9,20230710 15C_24h_3.d
10,20230710 15C_24h_4.d
11,20230710 15C_24h_5.d
12,20230710 15C_24h_6.d
13,20230710 15C_24h_7.d
14,20230710 15C_24h_8.d
15,20230710 15C_24h_9.d
16,20230710 25C_24h_1.d
17,20230710 25C_24h_10.d
18,20230710 25C_24h_11.d
19,20230710 25C_24h_12.d
20,20230710 25C_24h_13.d
21,20230710 25C_24h_14.d
22,20230710 25C_24h_15.d
23,20230710 25C_24h_16.d
24,20230710 25C_24h_2.d
25,20230710 25C_24h_3.d
26,20230710 25C_24h_4.d
27,20230710 25C_24h_5.d
28,20230710 25C_24h_6.d
29,20230710 25C_24h_7.d
30,20230710 25C_24h_8.d
31,20230710 25C_24h_9.d
32,20230710 4C_24h_1.d
33,20230710 4C_24h_10.d
34,20230710 4C_24h_11.d
35,20230710 4C_24h_12.d
36,20230710 4C_24h_13.d
37,20230710 4C_24h_14.d
38,20230710 4C_24h_15.d
39,20230710 4C_24h_16.d
40,20230710 4C_24h_2.d
41,20230710 4C_24h_3.d
42,20230710 4C_24h_4.d
43,20230710 4C_24h_5.d
44,20230710 4C_24h_6.d
45,20230710 4C_24h_7.d
46,20230710 4C_24h_8.d
47,20230710 4C_24h_9.d
